Date,Close,Next Day Close,Rendement
2020-04-13,33.731285095214844,33.4709587097168,-0.007717653945386654
2020-04-14,33.4709587097168,31.93271255493164,-0.0459576365327891
2020-04-15,31.93271255493164,30.883541107177734,-0.03285569448411528
2020-04-16,30.883541107177734,34.09415054321289,0.10395859156477912
2020-04-17,34.09415054321289,32.48489761352539,-0.047200264680237164
2020-04-20,32.48489761352539,32.31135940551758,-0.005342119592692152
2020-04-21,32.31135940551758,33.234310150146484,0.028564280847660672
2020-04-22,33.234310150146484,34.275596618652344,0.03133167090881439
2020-04-23,34.275596618652344,34.49647521972656,0.006444194204165054
2020-04-24,34.49647521972656,34.66212844848633,0.004802033474568961
2020-04-27,34.66212844848633,35.47465515136719,0.023441338984373356
2020-04-28,35.47465515136719,37.43887710571289,0.05536972652629161
2020-04-29,37.43887710571289,36.65791702270508,-0.02085960219380201
2020-04-30,36.65791702270508,34.03104782104492,-0.07165898706227998
2020-05-01,34.03104782104492,35.40365219116211,0.04033388502567247
2020-05-04,35.40365219116211,35.36421203613281,-0.001114013741190871
2020-05-05,35.36421203613281,34.701568603515625,-0.01873768407281752
2020-05-06,34.701568603515625,34.89878845214844,0.005683312212371636
2020-05-07,34.89878845214844,36.42915344238281,0.04385152201867233
2020-05-08,36.42915344238281,36.08206558227539,-0.009527749818737458
2020-05-11,36.08206558227539,35.47895431518555,-0.016714987275731532
2020-05-12,35.47895431518555,33.717872619628906,-0.049637361910716465
2020-05-13,33.717872619628906,34.01540756225586,0.008824250153129256
2020-05-14,34.01540756225586,33.77416229248047,-0.007092235168250077
2020-05-15,33.77416229248047,36.46001434326172,0.07952386879420048
2020-05-18,36.46001434326172,35.33420181274414,-0.030878005694631408
2020-05-19,35.33420181274414,36.484134674072266,0.03254446972998761
2020-05-20,36.484134674072266,35.8327751159668,-0.01785322754463908
2020-05-21,35.8327751159668,35.86493682861328,0.0008975501490576256
2020-05-22,35.86493682861328,36.918373107910156,0.02937231659798817
2020-05-26,36.918373107910156,37.18374252319336,0.0071880040463198226
2020-05-27,37.18374252319336,36.21877670288086,-0.02595128286805995
2020-05-28,36.21877670288086,36.56455612182617,0.009546965701848485
2020-05-29,36.56455612182617,37.21590805053711,0.017813751834994423
2020-06-01,37.21590805053711,38.044185638427734,0.022256009090678926
2020-06-02,38.044185638427734,39.596187591552734,0.04079472137674965
2020-06-03,39.596187591552734,39.483604431152344,-0.002843282832219145
2020-06-04,39.483604431152344,42.684104919433594,0.0810589745893633
2020-06-05,42.684104919433594,44.018985748291016,0.03127348766893471
2020-06-08,44.018985748291016,43.037940979003906,-0.02228685537865209
2020-06-09,43.037940979003906,40.73003005981445,-0.0536250310003299
2020-06-10,40.73003005981445,37.135498046875,-0.08825262362096642
2020-06-11,37.135498046875,37.931602478027344,0.021437828305074718
2020-06-12,37.931602478027344,37.90747833251953,-0.0006359906761594611
2020-06-15,37.90747833251953,38.75986862182617,0.022486072057591976
2020-06-16,38.75986862182617,37.49735641479492,-0.03257266476698823
2020-06-17,37.49735641479492,37.730560302734375,0.0062192087719399975
2020-06-18,37.730560302734375,36.974666595458984,-0.020033991046260986
2020-06-19,36.974666595458984,37.328487396240234,0.009569276300782229
2020-06-22,37.328487396240234,37.553653717041016,0.0060320237037909084
2020-06-23,37.553653717041016,35.78452682495117,-0.047109314726600175
2020-06-24,35.78452682495117,36.32331085205078,0.015056340684207008
2020-06-25,36.32331085205078,35.076873779296875,-0.03431507325504535
2020-06-26,35.076873779296875,35.63978576660156,0.01604795201666262
2020-06-29,35.63978576660156,35.9614372253418,0.009025067121521744
2020-06-30,35.9614372253418,35.149253845214844,-0.022584842063948785
2020-07-01,35.149253845214844,35.44679641723633,0.008465117732847444
2020-07-02,35.44679641723633,35.696075439453125,0.007032483818356648
2020-07-06,35.696075439453125,34.77131271362305,-0.025906565762352216
2020-07-07,34.77131271362305,34.690887451171875,-0.002312977456835044
2020-07-08,34.690887451171875,33.25951385498047,-0.041260795020193516
2020-07-09,33.25951385498047,34.29685592651367,0.031189333555994403
2020-07-10,34.29685592651367,34.30488967895508,0.00023424165931185673
2020-07-13,34.30488967895508,35.43873977661133,0.03305214237000825
2020-07-14,35.43873977661133,35.88906478881836,0.012707139560990665
2020-07-15,35.88906478881836,35.60761260986328,-0.007842282338958236
2020-07-16,35.60761260986328,34.9964714050293,-0.01716321763916008
2020-07-17,34.9964714050293,34.176239013671875,-0.02343757408752779
2020-07-20,34.176239013671875,35.9051513671875,0.05058813969623721
2020-07-21,35.9051513671875,35.068843841552734,-0.02329213201421116
2020-07-22,35.068843841552734,35.14120864868164,0.002063507067865234
2020-07-23,35.14120864868164,34.92409133911133,-0.006178424645005996
2020-07-24,34.92409133911133,35.43873977661133,0.014736201222897604
2020-07-27,35.43873977661133,35.02058029174805,-0.011799502112635956
2020-07-28,35.02058029174805,35.40658187866211,0.011022135661327596
2020-07-29,35.40658187866211,33.66962432861328,-0.0490574762625028
2020-07-30,33.66962432861328,33.83849334716797,0.0050154708263607925
2020-07-31,33.83849334716797,33.97519302368164,0.004039768411412225
2020-08-03,33.97519302368164,34.95625686645508,0.02887588724189467
2020-08-04,34.95625686645508,35.26182556152344,0.008741459253939484
2020-08-05,35.26182556152344,35.092960357666016,-0.004788895673106673
2020-08-06,35.092960357666016,34.93213653564453,-0.004582794394726879
2020-08-07,34.93213653564453,35.79256820678711,0.02463152147205766
2020-08-10,35.79256820678711,36.1624755859375,0.01033475376824867
2020-08-11,36.1624755859375,36.15428161621094,-0.000226587632450387
2020-08-12,36.15428161621094,35.26866912841797,-0.024495369516507718
2020-08-13,35.26866912841797,35.424468994140625,0.004417514739650878
2020-08-14,35.424468994140625,34.96525955200195,-0.012963057885627793
2020-08-17,34.96525955200195,34.793060302734375,-0.004924866895710453
2020-08-18,34.793060302734375,34.40765380859375,-0.011077108216040887
2020-08-19,34.40765380859375,33.88284683227539,-0.015252623129661986
2020-08-20,33.88284683227539,33.628639221191406,-0.007502545826280358
2020-08-21,33.628639221191406,34.62085723876953,0.029505149198926533
2020-08-24,34.62085723876953,33.52205276489258,-0.03173822260664525
2020-08-25,33.52205276489258,32.808631896972656,-0.021282135462392767
2020-08-26,32.808631896972656,32.58722686767578,-0.006748377378006569
2020-08-27,32.58722686767578,33.366241455078125,0.02390551950203136
2020-08-28,33.366241455078125,32.7512321472168,-0.01843208227960982
2020-08-31,32.7512321472168,32.333030700683594,-0.01276902941096651
2020-09-01,32.333030700683594,32.13623046875,-0.006086662081121673
2020-09-02,32.13623046875,32.07062530517578,-0.0020414704094811214
2020-09-03,32.07062530517578,32.046024322509766,-0.0007670877144402091
2020-09-04,32.046024322509766,31.30801773071289,-0.023029583463134443
2020-09-08,31.30801773071289,31.119409561157227,-0.006024276949691424
2020-09-09,31.119409561157227,30.34040069580078,-0.02503289350093558
2020-09-10,30.34040069580078,30.258407592773438,-0.002702439689225722
2020-09-11,30.258407592773438,30.06159210205078,-0.0065044893760259
2020-09-14,30.06159210205078,29.741792678833008,-0.010638139927258108
2020-09-15,29.741792678833008,31.00461196899414,0.042459420781985044
2020-09-16,31.00461196899414,30.996414184570312,-0.0002644053224090093
2020-09-17,30.996414184570312,30.496200561523438,-0.016137790005912235
2020-09-18,30.496200561523438,29.873001098632812,-0.02043531493811415
2020-09-21,29.873001098632812,29.134986877441406,-0.024705057880012687
2020-09-22,29.134986877441406,28.200172424316406,-0.03208563151434973
2020-09-23,28.200172424316406,28.142770767211914,-0.00203550730969985
2020-09-24,28.142770767211914,28.405174255371094,0.00932401042987907
2020-09-25,28.405174255371094,28.954580307006836,0.019341759592686032
2020-09-28,28.954580307006836,28.109975814819336,-0.029169978747131443
2020-09-29,28.109975814819336,28.150970458984375,0.0014583663975771563
2020-09-30,28.150970458984375,27.166961669921875,-0.034954702200984115
2020-10-01,27.166961669921875,27.043954849243164,-0.004527809262340108
2020-10-02,27.043954849243164,27.667165756225586,0.023044370191287415
2020-10-05,27.667165756225586,27.38016128540039,-0.010373468441038793
2020-10-06,27.38016128540039,27.47036361694336,0.0032944412051753072
2020-10-07,27.47036361694336,28.913585662841797,0.05253742054612911
2020-10-08,28.913585662841797,28.4871768951416,-0.014747695864238422
2020-10-09,28.4871768951416,28.396982192993164,-0.0031661509485631035
2020-10-12,28.396982192993164,28.060768127441406,-0.011839781539698864
2020-10-13,28.060768127441406,28.003372192382812,-0.002045415677786264
2020-10-14,28.003372192382812,28.249372482299805,0.008784666654679063
2020-10-15,28.249372482299805,27.962366104125977,-0.010159743490006992
2020-10-16,27.962366104125977,27.404760360717773,-0.019941293284402202
2020-10-19,27.404760360717773,27.634368896484375,0.008378417937042954
2020-10-20,27.634368896484375,27.19155502319336,-0.016024026998762042
2020-10-21,27.19155502319336,28.585580825805664,0.051266865812685365
2020-10-22,28.585580825805664,28.011566162109375,-0.020080566744269078
2020-10-23,28.011566162109375,27.347362518310547,-0.023711763917623488
2020-10-26,27.347362518310547,26.912755966186523,-0.015892082895856252
2020-10-27,26.912755966186523,25.88774299621582,-0.038086510770526084
2020-10-28,25.88774299621582,27.035757064819336,0.04434585389585057
2020-10-29,27.035757064819336,26.74875259399414,-0.010615736416668131
2020-10-30,26.74875259399414,27.872169494628906,0.041998851972147845
2020-11-02,27.872169494628906,27.39655876159668,-0.017064001175935692
2020-11-03,27.39655876159668,27.24895668029785,-0.005387613918348402
2020-11-04,27.24895668029785,27.199758529663086,-0.0018055058478748279
2020-11-05,27.199758529663086,26.879953384399414,-0.011757646484798892
2020-11-06,26.879953384399414,30.282997131347656,0.12660154942542798
2020-11-09,30.282997131347656,30.9548397064209,0.02218547167439314
2020-11-10,30.9548397064209,30.635717391967773,-0.010309286608482425
2020-11-11,30.635717391967773,29.58597183227539,-0.03426541465510484
2020-11-12,29.58597183227539,30.29979705810547,0.02412715153914143
2020-11-13,30.29979705810547,32.04656982421875,0.057649652331450314
2020-11-16,32.04656982421875,32.47486114501953,0.013364654100268355
2020-11-17,32.47486114501953,31.248767852783203,-0.03775515118482243
2020-11-18,31.248767852783203,31.40833282470703,0.005106280435617762
2020-11-19,31.40833282470703,31.022024154663086,-0.012299559871578401
2020-11-20,31.022024154663086,33.054325103759766,0.06551155201751055
2020-11-23,33.054325103759766,35.254581451416016,0.06656485469751677
2020-11-24,35.254581451416016,34.27202606201172,-0.027870289447581346
2020-11-25,34.27202606201172,33.751346588134766,-0.01519255012629942
2020-11-27,33.751346588134766,32.0213737487793,-0.05125640942467279
2020-11-30,32.0213737487793,32.33210754394531,0.009703949543322177
2020-12-01,32.33210754394531,33.54140090942383,0.03740224369335845
2020-12-02,33.54140090942383,33.768150329589844,0.006760284723298718
2020-12-03,33.768150329589844,35.00264358520508,0.03655791755148316
2020-12-04,35.00264358520508,34.34761047363281,-0.018713818285689
2020-12-07,34.34761047363281,35.472930908203125,0.032762699327633656
2020-12-08,35.472930908203125,35.94321060180664,0.013257424226391265
2020-12-09,35.94321060180664,36.95936965942383,0.028271237894538878
2020-12-10,36.95936965942383,36.78301239013672,-0.004771652517676046
2020-12-11,36.78301239013672,35.456138610839844,-0.03607300471270464
2020-12-14,35.456138610839844,36.1447639465332,0.019421893152313803
2020-12-15,36.1447639465332,36.699031829833984,0.015334666014714516
2020-12-16,36.699031829833984,36.5142822265625,-0.00503418194049726
2020-12-17,36.5142822265625,35.88443374633789,-0.01724937317175094
2020-12-18,35.88443374633789,35.22938919067383,-0.018254281516450338
2020-12-21,35.22938919067383,34.63313674926758,-0.016924858906270625
2020-12-22,34.63313674926758,35.078224182128906,0.012851490642722127
2020-12-23,35.078224182128906,34.93545913696289,-0.004069905147557306
2020-12-24,34.93545913696289,35.053035736083984,0.0033655375376673885
2020-12-28,35.053035736083984,34.6583251953125,-0.011260381090621632
2020-12-29,34.6583251953125,34.93545913696289,0.007996172350759542
2020-12-30,34.93545913696289,34.6163444519043,-0.009134406501071562
2020-12-31,34.6163444519043,34.85148239135742,0.006792685454693923
2021-01-04,34.85148239135742,36.53107833862305,0.04819295570859667
2021-01-05,36.53107833862305,37.46324157714844,0.0255169921315968
2021-01-06,37.46324157714844,37.757171630859375,0.007845825436799011
2021-01-07,37.757171630859375,38.17707061767578,0.011121039227239626
2021-01-08,38.17707061767578,39.33598709106445,0.030356348840764637
2021-01-11,39.33598709106445,40.209373474121094,0.022203240534798697
2021-01-12,40.209373474121094,40.66286087036133,0.011278151263214797
2021-01-13,40.66286087036133,42.25007629394531,0.03903354042511275
2021-01-14,42.25007629394531,40.217769622802734,-0.048101846183738604
2021-01-15,40.217769622802734,41.01558303833008,0.019837336157870828
2021-01-19,41.01558303833008,41.59503173828125,0.014127525614098005
2021-01-20,41.59503173828125,40.402523040771484,-0.028669498439455723
2021-01-21,40.402523040771484,39.83147048950195,-0.014134081445687532
2021-01-22,39.83147048950195,39.38637924194336,-0.011174361430515168
2021-01-25,39.38637924194336,38.52138137817383,-0.021961852813532485
2021-01-26,38.52138137817383,38.084693908691406,-0.011336235977504392
2021-01-27,38.084693908691406,38.68095016479492,0.015656060083692636
2021-01-28,38.68095016479492,37.65639877319336,-0.02648723434239854
2021-01-29,37.65639877319336,37.72358703613281,0.0017842455765388473
2021-02-01,37.72358703613281,38.3198356628418,0.015805724575923257
2021-02-02,38.3198356628418,39.82307434082031,0.039228734987404576
2021-02-03,39.82307434082031,40.5872917175293,0.019190315899986397
2021-02-04,40.5872917175293,41.947757720947266,0.033519506866490315
2021-02-05,41.947757720947266,43.75330352783203,0.04304272516533436
2021-02-08,43.75330352783203,43.24087142944336,-0.011711849324993421
2021-02-09,43.24087142944336,43.65936279296875,0.009678143610224135
2021-02-10,43.65936279296875,42.5661735534668,-0.025039056219986998
2021-02-11,42.5661735534668,43.14692687988281,0.013643540819720128
2021-02-12,43.14692687988281,44.44509506225586,0.030087152811300585
2021-02-16,44.44509506225586,45.136878967285156,0.015564910009986254
2021-02-17,45.136878967285156,44.42800521850586,-0.015704979276327077
2021-02-18,44.42800521850586,44.7269287109375,0.006728267248585094
2021-02-19,44.7269287109375,46.37526321411133,0.03685329063899586
2021-02-22,46.37526321411133,47.015804290771484,0.013812128110256176
2021-02-23,47.015804290771484,48.42499923706055,0.029972792501300822
2021-02-24,48.42499923706055,47.6221809387207,-0.016578591863465268
2021-02-25,47.6221809387207,46.43504333496094,-0.024928249407295128
2021-02-26,46.43504333496094,48.16878128051758,0.03733684349232231
2021-03-01,48.16878128051758,47.886940002441406,-0.005851119139486426
2021-03-02,47.886940002441406,48.27127456665039,0.008025874365524086
2021-03-03,48.27127456665039,50.14165496826172,0.03874727606433526
2021-03-04,50.14165496826172,52.03765869140625,0.037812946627801755
2021-03-05,52.03765869140625,51.98640823364258,-0.0009848724760581056
2021-03-08,51.98640823364258,51.1836051940918,-0.015442556368632789
2021-03-09,51.1836051940918,52.755062103271484,0.03070234898891185
2021-03-10,52.755062103271484,52.3621940612793,-0.0074470207469971815
2021-03-11,52.3621940612793,52.92587661743164,0.010765067550314412
2021-03-12,52.92587661743164,51.57646179199219,-0.02549631506708026
2021-03-15,51.57646179199219,50.48326873779297,-0.021195580623736176
2021-03-16,50.48326873779297,50.705322265625,0.00439855685624011
2021-03-17,50.705322265625,48.518943786621094,-0.04311930940011267
2021-03-18,48.518943786621094,48.24563980102539,-0.0056329335361802665
2021-03-19,48.24563980102539,47.75028991699219,-0.010267246658477834
2021-03-22,47.75028991699219,47.16099166870117,-0.012341249640901358
2021-03-23,47.16099166870117,48.11752700805664,0.020282341518070374
2021-03-24,48.11752700805664,47.980892181396484,-0.0028396061717236333
2021-03-25,47.980892181396484,49.287593841552734,0.02723379246922162
2021-03-26,49.287593841552734,49.02283477783203,-0.005371718176623456
2021-03-29,49.02283477783203,48.416446685791016,-0.012369502799850782
2021-03-30,48.416446685791016,47.68197250366211,-0.015169931550231991
2021-03-31,47.68197250366211,49.01429748535156,0.027941901555920884
2021-04-01,49.01429748535156,48.254180908203125,-0.015508058181913274
2021-04-05,48.254180908203125,48.11752700805664,-0.002831959792384611
2021-04-06,48.11752700805664,48.33104705810547,0.004437469324079707
2021-04-07,48.33104705810547,47.8271598815918,-0.010425745089028986
2021-04-08,47.8271598815918,47.716129302978516,-0.0023214963817246408
2021-04-09,47.716129302978516,47.40012741088867,-0.006622538263390078
2021-04-12,47.40012741088867,47.57948303222656,0.0037838636968872234
2021-04-13,47.57948303222656,48.95451354980469,0.028899652328016858
2021-04-14,48.95451354980469,48.664127349853516,-0.0059317553968898625
2021-04-15,48.664127349853516,48.39083480834961,-0.0056158931925187165
2021-04-16,48.39083480834961,48.23710250854492,-0.0031768887727095323
2021-04-19,48.23710250854492,47.22077178955078,-0.021069481086972493
2021-04-20,47.22077178955078,47.8271598815918,0.012841554025069955
2021-04-21,47.8271598815918,47.203697204589844,-0.01303574534941009
2021-04-22,47.203697204589844,47.45991134643555,0.005427840551031884
2021-04-23,47.45991134643555,47.55386734008789,0.0019796917226943002
2021-04-26,47.55386734008789,48.17731857299805,0.013110421250315158
2021-04-27,48.17731857299805,49.62922286987305,0.03013667717258032
2021-04-28,49.62922286987305,50.33808517456055,0.01428316350119212
2021-04-29,50.33808517456055,48.886192321777344,-0.028842830388728195
2021-04-30,48.886192321777344,50.235595703125,0.027602955298004203
2021-05-03,50.235595703125,50.55159378051758,0.006290322090734576
2021-05-04,50.55159378051758,52.07181930541992,0.03007275164266401
2021-05-05,52.07181930541992,52.56717300415039,0.009512894024789904
2021-05-06,52.56717300415039,53.31874465942383,0.014297357311075067
2021-05-07,53.31874465942383,53.44684982299805,0.002402629026480217
2021-05-10,53.44684982299805,51.74726867675781,-0.03179946342710191
2021-05-11,51.74726867675781,52.02455520629883,0.005358476623628221
2021-05-12,52.02455520629883,51.38334655761719,-0.012325115440948678
2021-05-13,51.38334655761719,52.657100677490234,0.024789240195649005
2021-05-14,52.657100677490234,53.88752365112305,0.023366705682654334
2021-05-17,53.88752365112305,52.362491607666016,-0.028300280661073738
2021-05-18,52.362491607666016,51.1060676574707,-0.02399473194685351
2021-05-19,51.1060676574707,50.984764099121094,-0.0023735647039530576
2021-05-20,50.984764099121094,51.054080963134766,0.0013595603556958852
2021-05-21,51.054080963134766,51.6519660949707,0.011710819596726452
2021-05-24,51.6519660949707,50.48218536376953,-0.02264736116821451
2021-05-25,50.48218536376953,51.071407318115234,0.011671878903415714
2021-05-26,51.071407318115234,50.74214553833008,-0.006447086482936329
2021-05-27,50.74214553833008,50.5775146484375,-0.003244460559284347
2021-05-28,50.5775146484375,52.38848114013672,0.03580576278386121
2021-06-01,52.38848114013672,52.804405212402344,0.00793922754036422
2021-06-02,52.804405212402344,53.01236343383789,0.003938274100409771
2021-06-03,53.01236343383789,53.2463264465332,0.004413366949528862
2021-06-04,53.2463264465332,52.899715423583984,-0.006509576267148964
2021-06-07,52.899715423583984,53.835540771484375,0.01769055542939985
2021-06-08,53.835540771484375,54.2861213684082,0.008369575014327557
2021-06-09,54.2861213684082,54.37276840209961,0.0015961175988865263
2021-06-10,54.37276840209961,53.87019348144531,-0.009243136507923145
2021-06-11,53.87019348144531,53.783546447753906,-0.0016084411079988115
2021-06-14,53.783546447753906,55.74183654785156,0.036410579618433435
2021-06-15,55.74183654785156,55.54254150390625,-0.0035753225277073124
2021-06-16,55.54254150390625,53.71422576904297,-0.032917394223573614
2021-06-17,53.71422576904297,52.33650207519531,-0.025649139946119778
2021-06-18,52.33650207519531,54.234130859375,0.03625822722071182
2021-06-21,54.234130859375,55.273929595947266,0.01917240527498053
2021-06-22,55.273929595947266,55.681182861328125,0.0073679086751725995
2021-06-23,55.681182861328125,55.906463623046875,0.0040459047409212405
2021-06-24,55.906463623046875,56.02778625488281,0.0021701002705870214
2021-06-25,56.02778625488281,54.59804916381836,-0.025518357704876333
2021-06-28,54.59804916381836,54.26012420654297,-0.006189322923635347
2021-06-29,54.26012420654297,54.658714294433594,0.007345911822342658
2021-06-30,54.658714294433594,54.814674377441406,0.002853343424210316
2021-07-01,54.814674377441406,54.7366943359375,-0.001422612510054395
2021-07-02,54.7366943359375,53.177001953125,-0.028494456995158374
2021-07-06,53.177001953125,52.34516143798828,-0.015642862225854287
2021-07-07,52.34516143798828,52.111209869384766,-0.004469401988198488
2021-07-08,52.111209869384766,53.05569076538086,0.018124332525830962
2021-07-09,53.05569076538086,53.003700256347656,-0.000979923327416693
2021-07-12,53.003700256347656,52.75241470336914,-0.004740905856821232
2021-07-13,52.75241470336914,51.582637786865234,-0.02217485063160902
2021-07-14,51.582637786865234,51.080074310302734,-0.009742880514157623
2021-07-15,51.080074310302734,49.667686462402344,-0.027650465802386573
2021-07-16,49.667686462402344,47.96067810058594,-0.03436859019210779
2021-07-19,47.96067810058594,48.489234924316406,0.011020628662129182
2021-07-20,48.489234924316406,50.04894256591797,0.03216606003447993
2021-07-21,50.04894256591797,49.4857063293457,-0.011253709023531197
2021-07-22,49.4857063293457,49.4250602722168,-0.0012255267556511022
2021-07-23,49.4250602722168,50.67281723022461,0.02524543118684291
2021-07-26,50.67281723022461,50.10960006713867,-0.011114778965752818
2021-07-27,50.10960006713867,50.44752502441406,0.006743716908988027
2021-07-28,50.44752502441406,51.062744140625,0.012195228921799483
2021-07-29,51.062744140625,49.884307861328125,-0.023078201125491866
2021-07-30,49.884307861328125,49.892974853515625,0.00017374185508583397
2021-08-02,49.892974853515625,50.43020248413086,0.010767600693134045
2021-08-03,50.43020248413086,49.251766204833984,-0.023367669000886916
2021-08-04,49.251766204833984,49.56370162963867,0.00633348707754711
2021-08-05,49.56370162963867,50.135589599609375,0.011538443481160798
2021-08-06,50.135589599609375,49.56370162963867,-0.011406826458766907
2021-08-09,49.56370162963867,50.41286849975586,0.01713283798822227
2021-08-10,50.41286849975586,50.5601692199707,0.0029218872997785693
2021-08-11,50.5601692199707,50.445823669433594,-0.0022615737308874385
2021-08-12,50.445823669433594,49.935646057128906,-0.010113376592834128
2021-08-13,49.935646057128906,49.20557403564453,-0.014620257854462033
2021-08-16,49.20557403564453,48.8713264465332,-0.006792880596600683
2021-08-17,48.8713264465332,47.842166900634766,-0.02105855561388069
2021-08-18,47.842166900634766,46.38201141357422,-0.030520262388892206
2021-08-19,46.38201141357422,46.39081573486328,0.0001898218947547802
2021-08-20,46.39081573486328,48.2995719909668,0.04114513241182481
2021-08-23,48.2995719909668,48.695396423339844,0.008195195444942571
2021-08-24,48.695396423339844,48.78335952758789,0.001806394663744557
2021-08-25,48.78335952758789,48.1236457824707,-0.013523335651865207
2021-08-26,48.1236457824707,49.05603790283203,0.019374926924197355
2021-08-27,49.05603790283203,48.51948165893555,-0.010937618830107531
2021-08-30,48.51948165893555,47.95652389526367,-0.011602715948804833
2021-08-31,47.95652389526367,47.296810150146484,-0.013756496333178618
2021-09-01,47.296810150146484,48.44911193847656,0.024363203029380394
2021-09-02,48.44911193847656,48.26438903808594,-0.0038127200478967837
2021-09-03,48.26438903808594,47.98291015625,-0.005832019993329234
2021-09-07,47.98291015625,47.5431022644043,-0.009165927835838363
2021-09-08,47.5431022644043,47.57828903198242,0.0007401024733817059
2021-09-09,47.57828903198242,47.48152542114258,-0.002033776598708681
2021-09-10,47.48152542114258,48.70417785644531,0.025750066461814044
2021-09-13,48.70417785644531,48.00929641723633,-0.014267388749629137
2021-09-14,48.00929641723633,49.627777099609375,0.0337118184009041
2021-09-15,49.627777099609375,49.100013732910156,-0.010634434938319509
2021-09-16,49.100013732910156,48.51948165893555,-0.011823460521468194
2021-09-17,48.51948165893555,47.22643280029297,-0.02665009630012082
2021-09-20,47.22643280029297,47.182456970214844,-0.0009311698443133777
2021-09-21,47.182456970214844,48.563453674316406,0.029269283390081884
2021-09-22,48.563453674316406,50.208335876464844,0.03387078302090284
2021-09-23,50.208335876464844,50.65692901611328,0.008934634693971514
2021-09-24,50.65692901611328,52.161067962646484,0.029692659538337923
2021-09-27,52.161067962646484,52.7064323425293,0.010455391371076952
2021-09-28,52.7064323425293,52.67124938964844,-0.0006675267385242832
2021-09-29,52.67124938964844,51.73885726928711,-0.017702107528601223
2021-09-30,51.73885726928711,53.59483337402344,0.035871996458608696
2021-10-01,53.59483337402344,54.289737701416016,0.012965882784689972
2021-10-04,54.289737701416016,54.2017707824707,-0.00162032315258392
2021-10-05,54.2017707824707,53.20781326293945,-0.018338100493438196
2021-10-06,53.20781326293945,53.35734558105469,0.0028103451155995413
2021-10-07,53.35734558105469,54.69435119628906,0.02505757362317324
2021-10-08,54.69435119628906,54.14899444580078,-0.009970988567559477
2021-10-11,54.14899444580078,53.86752700805664,-0.0051980178140864485
2021-10-12,53.86752700805664,53.71799087524414,-0.0027759977321798117
2021-10-13,53.71799087524414,54.53602600097656,0.015228326905081854
2021-10-14,54.53602600097656,55.05500030517578,0.009516173844238772
2021-10-15,55.05500030517578,55.02861404418945,-0.0004792709261659476
2021-10-18,55.02861404418945,55.85544204711914,0.015025419362110819
2021-10-19,55.85544204711914,56.16331100463867,0.00551188830015553
2021-10-20,56.16331100463867,55.14295959472656,-0.018167579362047156
2021-10-21,55.14295959472656,55.52119445800781,0.006859168714575512
2021-10-22,55.52119445800781,56.60312271118164,0.01948676111412048
2021-10-25,56.60312271118164,57.91373825073242,0.02315447411334916
2021-10-26,57.91373825073242,56.40959548950195,-0.025972123483350623
2021-10-27,56.40959548950195,56.567928314208984,0.002806842051127589
2021-10-28,56.567928314208984,56.708675384521484,0.0024881072103385927
2021-10-29,56.708675384521484,57.72902297973633,0.017992795428498857
2021-11-01,57.72902297973633,57.016536712646484,-0.012341907593688813
2021-11-02,57.016536712646484,56.23367691040039,-0.01373039906284684
2021-11-03,56.23367691040039,56.65590286254883,0.007508418004058117
2021-11-04,56.65590286254883,57.19245910644531,0.009470438503084263
2021-11-05,57.19245910644531,57.80819320678711,0.0107660014967324
2021-11-08,57.80819320678711,58.37114334106445,0.009738241295028907
2021-11-09,58.37114334106445,57.221195220947266,-0.019700626958735482
2021-11-10,57.221195220947266,57.32815933227539,0.0018693092815539106
2021-11-11,57.32815933227539,56.891353607177734,-0.007619392113497309
2021-11-12,56.891353607177734,57.381649017333984,0.00861810062635584
2021-11-15,57.381649017333984,57.96107864379883,0.010097821104614966
2021-11-16,57.96107864379883,57.32815933227539,-0.010919729693318132
2021-11-17,57.32815933227539,56.70416259765625,-0.010884646252157522
2021-11-18,56.70416259765625,54.08333969116211,-0.04621923305860559
2021-11-19,54.08333969116211,54.832149505615234,0.013845480303715229
2021-11-22,54.832149505615234,56.27626419067383,0.026337006629855088
2021-11-23,56.27626419067383,56.58827590942383,0.005544286267703373
2021-11-24,56.58827590942383,54.60036849975586,-0.0351293157057806
2021-11-26,54.60036849975586,54.90346145629883,0.005551115585315583
2021-11-29,54.90346145629883,53.34345245361328,-0.028413673041858347
2021-11-30,53.34345245361328,53.29888153076172,-0.0008355462723437473
2021-12-01,53.29888153076172,54.627113342285156,0.02492044435785846
2021-12-02,54.627113342285156,54.279457092285156,-0.00636417025775532
2021-12-03,54.279457092285156,54.89454650878906,0.011331900675759156
2021-12-06,54.89454650878906,55.50963592529297,0.011204927549687025
2021-12-07,55.50963592529297,55.67009735107422,0.002890694977664873
2021-12-08,55.67009735107422,55.812721252441406,0.0025619481221265624
2021-12-09,55.812721252441406,56.16929244995117,0.0063887083358109545
2021-12-10,56.16929244995117,54.93912124633789,-0.021901134053084383
2021-12-13,54.93912124633789,54.85888671875,-0.001460426118359854
2021-12-14,54.85888671875,54.618202209472656,-0.004387338563964718
2021-12-15,54.618202209472656,54.70733642578125,0.0016319507545624569
2021-12-16,54.70733642578125,53.512813568115234,-0.021834783700108776
2021-12-17,53.512813568115234,52.73727798461914,-0.014492521169886391
2021-12-20,52.73727798461914,53.931800842285156,0.02265044581964202
2021-12-21,53.931800842285156,54.36860656738281,0.008099223802576593
2021-12-22,54.36860656738281,54.39535140991211,0.000491917012736939
2021-12-23,54.39535140991211,55.17089080810547,0.014257457265953757
2021-12-27,55.17089080810547,54.99260711669922,-0.0032314811088759387
2021-12-28,54.99260711669922,54.51123809814453,-0.008753340563272068
2021-12-29,54.51123809814453,54.190311431884766,-0.005887348690960835
2021-12-30,54.190311431884766,54.5468864440918,0.006580050986701432
2021-12-31,54.5468864440918,56.641761779785156,0.03840503963210652
2022-01-03,56.641761779785156,58.77228927612305,0.03761407536405856
2022-01-04,58.77228927612305,59.503265380859375,0.012437427803808486
2022-01-05,59.503265380859375,60.9028205871582,0.023520645419050027
2022-01-06,60.9028205871582,61.402008056640625,0.008196458959861033
2022-01-07,61.402008056640625,61.036529541015625,-0.005952224156706118
2022-01-10,61.036529541015625,63.60386276245117,0.04206224109957526
2022-01-11,63.60386276245117,63.41666030883789,-0.0029432560458230073
2022-01-12,63.41666030883789,62.962032318115234,-0.007168904646013001
2022-01-13,62.962032318115234,64.06741333007812,0.01755631086331459
2022-01-14,64.06741333007812,65.14604187011719,0.016835837190459384
2022-01-18,65.14604187011719,65.17279052734375,0.000410595278833544
2022-01-19,65.17279052734375,65.31542205810547,0.0021885134825073444
2022-01-20,65.31542205810547,64.3348388671875,-0.01501304224974048
2022-01-21,64.3348388671875,64.88752746582031,0.008590813443611477
2022-01-24,64.88752746582031,66.79520416259766,0.02939974400754009
2022-01-25,66.79520416259766,66.11770629882812,-0.010142911789300286
2022-01-26,66.11770629882812,66.9645767211914,0.012808526940358958
2022-01-27,66.9645767211914,67.1072006225586,0.0021298410047599567
2022-01-28,67.1072006225586,67.71337890625,0.00903298421134907
2022-01-31,67.71337890625,72.0546646118164,0.06411267279361393
2022-02-01,72.0546646118164,71.86746215820312,-0.002598061549822015
2022-02-02,71.86746215820312,71.0295181274414,-0.011659574522294075
2022-02-03,71.0295181274414,72.57171630859375,0.02171207438554386
2022-02-04,72.57171630859375,73.44529724121094,0.012037484808854387
2022-02-07,73.44529724121094,71.5465316772461,-0.025852786159049353
2022-02-08,71.5465316772461,71.20405578613281,-0.004786757416253605
2022-02-09,71.20405578613281,70.51904296875,-0.009620418525600626
2022-02-10,70.51904296875,72.29463958740234,0.02517896647348414
2022-02-11,72.29463958740234,71.18602752685547,-0.015334637075084824
2022-02-14,71.18602752685547,70.2937240600586,-0.012534811925841018
2022-02-15,70.2937240600586,70.61819458007812,0.004615924456389668
2022-02-16,70.61819458007812,70.51005554199219,-0.0015313197785495958
2022-02-17,70.51005554199219,69.72588348388672,-0.011121421647986874
2022-02-18,69.72588348388672,68.91470336914062,-0.011633844911173526
2022-02-22,68.91470336914062,69.19409942626953,0.004054229989677606
2022-02-23,69.19409942626953,68.31983184814453,-0.012635001905857372
2022-02-24,68.31983184814453,70.15851593017578,0.026912889453799
2022-02-25,70.15851593017578,70.6812973022461,0.007451431449755905
2022-02-28,70.6812973022461,71.35728454589844,0.009563877142233244
2022-03-01,71.35728454589844,72.58306884765625,0.01717812427362428
2022-03-02,72.58306884765625,73.04271697998047,0.006332718354592705
2022-03-03,73.04271697998047,75.791748046875,0.03763593662114164
2022-03-04,75.791748046875,78.52274322509766,0.03603288284805906
2022-03-07,78.52274322509766,79.11762237548828,0.007575883444180132
2022-03-08,79.11762237548828,74.62004089355469,-0.05684677252544695
2022-03-09,74.62004089355469,76.9364242553711,0.031042375936522492
2022-03-10,76.9364242553711,76.53984069824219,-0.005154691824675228
2022-03-11,76.53984069824219,73.79984283447266,-0.035798322008167675
2022-03-14,73.79984283447266,69.59970092773438,-0.056912613163132
2022-03-15,69.59970092773438,69.33831787109375,-0.003755519824891489
2022-03-16,69.33831787109375,71.18602752685547,0.02664774272714229
2022-03-17,71.18602752685547,70.90660858154297,-0.003925193679435014
2022-03-18,70.90660858154297,74.08826446533203,0.044871076863451195
2022-03-21,74.08826446533203,73.7637710571289,-0.004379821967012934
2022-03-22,73.7637710571289,74.92648315429688,0.015762644459533747
2022-03-23,74.92648315429688,75.15182495117188,0.003007505322396506
2022-03-24,75.15182495117188,76.79220581054688,0.021827558551516198
2022-03-25,76.79220581054688,74.63806915283203,-0.02805150125559993
2022-03-28,74.63806915283203,74.24150085449219,-0.005313217542214469
2022-03-29,74.24150085449219,75.51234436035156,0.017117696857316147
2022-03-30,75.51234436035156,74.43978118896484,-0.014203812376269935
2022-03-31,74.43978118896484,74.91748809814453,0.006417360469760543
2022-04-01,74.91748809814453,74.95352172851562,0.00048097755658716736
2022-04-04,74.95352172851562,74.56596374511719,-0.005170644079969805
2022-04-05,74.56596374511719,75.39517974853516,0.011120569785061866
2022-04-06,75.39517974853516,76.65702819824219,0.016736460525933656
2022-04-07,76.65702819824219,78.27037048339844,0.02104624093936954
2022-04-08,78.27037048339844,75.575439453125,-0.03443104988042757
2022-04-11,75.575439453125,77.15274047851562,0.02087055049635447
2022-04-12,77.15274047851562,78.24332427978516,0.014135386436120454
2022-04-13,78.24332427978516,79.1626968383789,0.011750172517034503
2022-04-14,79.1626968383789,79.81163024902344,0.008197464671642181
2022-04-18,79.81163024902344,79.0995864868164,-0.008921553913700989
2022-04-19,79.0995864868164,79.27985382080078,0.0022789921160260465
2022-04-20,79.27985382080078,78.44161224365234,-0.010573197814455438
2022-04-21,78.44161224365234,76.72911071777344,-0.02183154421354318
2022-04-22,76.72911071777344,74.14234161376953,-0.033713007746415995
2022-04-25,74.14234161376953,74.16938018798828,0.00036468465427761
2022-04-26,74.16938018798828,76.2874755859375,0.02855754480596622
2022-04-27,76.2874755859375,78.59484100341797,0.030245664832377787
2022-04-28,78.59484100341797,76.8372802734375,-0.022362291309986047
2022-04-29,76.8372802734375,77.8828125,0.013607095707211522
2022-05-02,77.8828125,79.48716735839844,0.020599600950446384
2022-05-03,79.48716735839844,82.65076446533203,0.039800098708629286
2022-05-04,82.65076446533203,81.39794158935547,-0.015158031315028679
2022-05-05,81.39794158935547,82.64176940917969,0.015280826462408676
2022-05-06,82.64176940917969,76.12523651123047,-0.07885277559443657
2022-05-09,76.12523651123047,76.62996673583984,0.006630261497248866
2022-05-10,76.62996673583984,78.22531127929688,0.020818807725136182
2022-05-11,78.22531127929688,78.5804214477539,0.00453958140465738
2022-05-12,78.5804214477539,80.91143035888672,0.029663990955846938
2022-05-13,80.91143035888672,82.8144760131836,0.023520108912372707
2022-05-16,82.8144760131836,83.87071228027344,0.012754246816965875
2022-05-17,83.87071228027344,82.54130554199219,-0.015850667081957395
2022-05-18,82.54130554199219,82.98748779296875,0.005405563287941588
2022-05-19,82.98748779296875,83.64306640625,0.007899728389377693
2022-05-20,83.64306640625,85.49150085449219,0.0220990756037618
2022-05-23,85.49150085449219,85.95587158203125,0.0054317765262938645
2022-05-24,85.95587158203125,87.6859130859375,0.02012708930832258
2022-05-25,87.6859130859375,87.9955062866211,0.003530706242177962
2022-05-26,87.9955062866211,88.86051940917969,0.00983019655277682
2022-05-27,88.86051940917969,87.41275024414062,-0.016292602999229164
2022-05-31,87.41275024414062,89.08816528320312,0.01916671234325801
2022-06-01,89.08816528320312,88.93336486816406,-0.0017376091936225889
2022-06-02,88.93336486816406,90.2263412475586,0.014538709755458547
2022-06-03,90.2263412475586,89.99871063232422,-0.0025228842496207767
2022-06-06,89.99871063232422,94.1235122680664,0.04583178588628258
2022-06-07,94.1235122680664,95.234375,0.01180218104026787
2022-06-08,95.234375,93.17652893066406,-0.02160822779942576
2022-06-09,93.17652893066406,91.47380065917969,-0.01827421874398686
2022-06-10,91.47380065917969,87.27617645263672,-0.04588881380563609
2022-06-13,87.27617645263672,87.50379943847656,0.0026080769700465834
2022-06-14,87.50379943847656,86.40203094482422,-0.012591093195067387
2022-06-15,86.40203094482422,83.21511840820312,-0.036884694743532544
2022-06-16,83.21511840820312,78.4165267944336,-0.05766490158952293
2022-06-17,78.4165267944336,83.29708099365234,0.06223884681877031
2022-06-21,83.29708099365234,80.00086975097656,-0.039571749734267025
2022-06-22,80.00086975097656,77.5879135131836,-0.03016162505862649
2022-06-23,77.5879135131836,79.12674713134766,0.019833419259335884
2022-06-24,79.12674713134766,81.06621551513672,0.02451090755152126
2022-06-27,81.06621551513672,83.31527709960938,0.027743512759056954
2022-06-28,83.31527709960938,80.23761749267578,-0.0369399192329881
2022-06-29,80.23761749267578,77.97943878173828,-0.02814364111875119
2022-06-30,77.97943878173828,79.71861267089844,0.0223029803282894
2022-07-01,79.71861267089844,77.22370147705078,-0.03129647030044757
2022-07-05,77.22370147705078,75.83057403564453,-0.018040153667333046
2022-07-06,75.83057403564453,78.25260925292969,0.031940088125228576
2022-07-07,78.25260925292969,78.38009643554688,0.0016291748458523705
2022-07-08,78.38009643554688,77.97943878173828,-0.0051117269820924564
2022-07-11,77.97943878173828,76.9414291381836,-0.013311324879626796
2022-07-12,76.9414291381836,77.25101470947266,0.004023652468594777
2022-07-13,77.25101470947266,75.70308685302734,-0.020037637851966012
2022-07-14,75.70308685302734,76.97785186767578,0.016839009710704553
2022-07-15,76.97785186767578,78.39830017089844,0.018452688257193692
2022-07-18,78.39830017089844,80.37419128417969,0.02520323921531533
2022-07-19,80.37419128417969,81.25743865966797,0.010989191447853904
2022-07-20,81.25743865966797,79.90071105957031,-0.016696657222732107
2022-07-21,79.90071105957031,79.29065704345703,-0.007635151277420459
2022-07-22,79.29065704345703,81.93123626708984,0.03330252670482455
2022-07-25,81.93123626708984,81.61255645751953,-0.0038896008908182417
2022-07-26,81.61255645751953,83.37902069091797,0.021644515379418444
2022-07-27,83.37902069091797,84.35330963134766,0.011685060970448788
2022-07-28,84.35330963134766,88.25958251953125,0.04630847213055801
2022-07-29,88.25958251953125,86.02871704101562,-0.025276184351109406
2022-08-01,86.02871704101562,85.6553955078125,-0.004339499018974533
2022-08-02,85.6553955078125,82.87820434570312,-0.03242283974809353
2022-08-03,82.87820434570312,79.39081573486328,-0.042078476945436497
2022-08-04,79.39081573486328,80.53810119628906,0.014451110632964162
2022-08-05,80.53810119628906,80.99337005615234,0.005652838260411565
2022-08-08,80.99337005615234,82.48668670654297,0.01843751716165552
2022-08-09,82.48668670654297,83.26974487304688,0.009493146079315038
2022-08-10,83.26974487304688,85.67858123779297,0.02892811030487253
2022-08-11,85.67858123779297,86.42327880859375,0.00869175889752355
2022-08-12,86.42327880859375,84.87869262695312,-0.017872339523955144
2022-08-15,84.87869262695312,84.0880126953125,-0.009315411290743014
2022-08-16,84.0880126953125,84.76837921142578,0.008091123744100667
2022-08-17,84.76837921142578,86.77265167236328,0.023644105025749363
2022-08-18,86.77265167236328,86.49683380126953,-0.0031786267421581725
2022-08-19,86.49683380126953,86.43246459960938,-0.0007441798599015481
2022-08-22,86.43246459960938,90.10086822509766,0.042442427651251544
2022-08-23,90.10086822509766,90.63410949707031,0.005918270073052654
2022-08-24,90.63410949707031,91.1030044555664,0.005173493302885603
2022-08-25,91.1030044555664,89.98135375976562,-0.01231189577669574
2022-08-26,89.98135375976562,92.04999542236328,0.02298967037238143
2022-08-29,92.04999542236328,88.54708862304688,-0.03805439406317868
2022-08-30,88.54708862304688,87.88512420654297,-0.0074758462056494016
2022-08-31,87.88512420654297,86.30376434326172,-0.017993487265999895
2022-09-01,86.30376434326172,87.88512420654297,0.01832318526677008
2022-09-02,87.88512420654297,87.29671478271484,-0.006695210698516808
2022-09-06,87.29671478271484,86.552001953125,-0.008530823083588712
2022-09-07,86.552001953125,87.25992584228516,0.008179174059353995
2022-09-08,87.25992584228516,88.7217788696289,0.016752856631873883
2022-09-09,88.7217788696289,89.74229431152344,0.01150242313552025
2022-09-12,89.74229431152344,87.64608764648438,-0.0233580685798212
2022-09-13,87.64608764648438,89.7974624633789,0.024546159157405656
2022-09-14,89.7974624633789,87.1863784790039,-0.02907748072992429
2022-09-15,87.1863784790039,85.69696807861328,-0.017083063046933446
2022-09-16,85.69696807861328,85.68775939941406,-0.00010745630103005812
2022-09-19,85.68775939941406,84.98902130126953,-0.008154468071542425
2022-09-20,84.98902130126953,83.6191177368164,-0.016118594419355457
2022-09-21,83.6191177368164,83.26974487304688,-0.00417814577844687
2022-09-22,83.26974487304688,78.83826446533203,-0.0532183737859541
2022-09-23,78.83826446533203,77.2109375,-0.0206413342095782
2022-09-26,77.2109375,78.82907104492188,0.020957309900839827
2022-09-27,78.82907104492188,81.69759368896484,0.036389146872075916
2022-09-28,81.69759368896484,81.5321044921875,-0.002025631224921829
2022-09-29,81.5321044921875,80.27251434326172,-0.01544900817623905
2022-09-30,80.27251434326172,84.51094818115234,0.05280056159404966
2022-10-03,84.51094818115234,87.59091186523438,0.036444552455854776
2022-10-04,87.59091186523438,91.13058471679688,0.0404114168489143
2022-10-05,91.13058471679688,93.8336181640625,0.02966110066851586
2022-10-06,93.8336181640625,92.88662719726562,-0.010092235441045422
2022-10-07,92.88662719726562,90.87316131591797,-0.021676595890080162
2022-10-10,90.87316131591797,90.10086822509766,-0.008498582855893584
2022-10-11,90.10086822509766,90.49620819091797,0.004387748682206264
2022-10-12,90.49620819091797,93.658935546875,0.03494872789901529
2022-10-13,93.658935546875,91.19496154785156,-0.026307943653601024
2022-10-14,91.19496154785156,92.50968933105469,0.014416671281924547
2022-10-17,92.50968933105469,92.67517852783203,0.0017888850127376927
2022-10-18,92.67517852783203,95.4241714477539,0.029662666569304778
2022-10-19,95.4241714477539,95.55289459228516,0.001348957424290844
2022-10-20,95.55289459228516,97.32732391357422,0.018570126303974137
2022-10-21,97.32732391357422,98.00768280029297,0.006990420155011171
2022-10-24,98.00768280029297,97.34571838378906,-0.006754209441445212
2022-10-25,97.34571838378906,98.504150390625,0.01190018447723378
2022-10-26,98.504150390625,98.881103515625,0.0038267740344459233
2022-10-27,98.881103515625,101.7771987915039,0.02928866257465736
2022-10-28,101.7771987915039,101.87834167480469,0.000993767607104003
2022-10-31,101.87834167480469,102.8896713256836,0.009926836599942576
2022-11-01,102.8896713256836,100.77505493164062,-0.0205522708625381
2022-11-02,100.77505493164062,102.14495849609375,0.013593677179162843
2022-11-03,102.14495849609375,103.2574234008789,0.010891040744098
2022-11-04,103.2574234008789,104.48023986816406,0.011842407325406378
2022-11-07,104.48023986816406,104.81121063232422,0.0031677833490599172
2022-11-08,104.81121063232422,100.1222915649414,-0.044736808582733135
2022-11-09,100.1222915649414,101.59333038330078,0.01469242059252338
2022-11-10,101.59333038330078,104.76524353027344,0.03122166716068237
2022-11-11,104.76524353027344,105.07109069824219,0.0029193571996076256
2022-11-14,105.07109069824219,105.77544403076172,0.006703588283311833
2022-11-15,105.77544403076172,104.64476013183594,-0.010689474379298796
2022-11-16,104.64476013183594,104.78378295898438,0.0013285216285391702
2022-11-17,104.78378295898438,103.87551879882812,-0.008667984057339987
2022-11-18,103.87551879882812,102.84677124023438,-0.00990365747858345
2022-11-21,102.84677124023438,105.82179260253906,0.028926735632327158
2022-11-22,105.82179260253906,105.29351806640625,-0.004992114791676069
2022-11-23,105.29351806640625,104.92280578613281,-0.0035207512017941846
2022-11-25,104.92280578613281,101.77169036865234,-0.03003270255566248
2022-11-28,101.77169036865234,102.44825744628906,0.006647890736470607
2022-11-29,102.44825744628906,103.18968963623047,0.007237138126337773
2022-11-30,103.18968963623047,102.68922424316406,-0.004849955405725827
2022-12-01,102.68922424316406,101.81803131103516,-0.008483781414746648
2022-12-02,101.81803131103516,99.02836608886719,-0.02739853821810854
2022-12-05,99.02836608886719,96.27577209472656,-0.027796015453496137
2022-12-06,96.27577209472656,96.06260681152344,-0.002214111386127237
2022-12-07,96.06260681152344,96.77625274658203,0.007428966990858159
2022-12-08,96.77625274658203,95.96067810058594,-0.008427425353322521
2022-12-09,95.96067810058594,98.32400512695312,0.024628077595387033
2022-12-12,98.32400512695312,99.39907836914062,0.010933985457563454
2022-12-13,99.39907836914062,98.66690826416016,-0.007365964725159643
2022-12-14,98.66690826416016,97.7215805053711,-0.009581001122059523
2022-12-15,97.7215805053711,97.03573608398438,-0.007018351707369515
2022-12-16,97.03573608398438,97.47132873535156,0.004488992086278217
2022-12-19,97.47132873535156,98.88008117675781,0.014452993097398026
2022-12-20,98.88008117675781,100.14978790283203,0.012840874632824116
2022-12-21,100.14978790283203,98.12937927246094,-0.020173868289480028
2022-12-22,98.12937927246094,100.72441101074219,0.026445003092050747
2022-12-23,100.72441101074219,102.1238784790039,0.013894024836863693
2022-12-27,102.1238784790039,100.44635009765625,-0.01642640689261079
2022-12-28,100.44635009765625,101.20633697509766,0.007566097490874776
2022-12-29,101.20633697509766,102.22582244873047,0.010073336355248805
2022-12-30,102.22582244873047,98.71327209472656,-0.03436069546679914
2023-01-03,98.71327209472656,99.00056457519531,0.002910373391260502
2023-01-04,99.00056457519531,101.21560668945312,0.02237403517608619
2023-01-05,101.21560668945312,102.43898010253906,0.012086806107278074
2023-01-06,102.43898010253906,100.52977752685547,-0.018637461772584282
2023-01-09,100.52977752685547,102.03119659423828,0.014935068039733046
2023-01-10,102.03119659423828,103.21749877929688,0.011626857516689992
2023-01-11,103.21749877929688,104.93207550048828,0.016611298873435907
2023-01-12,104.93207550048828,104.86719512939453,-0.0006183082797542501
2023-01-13,104.86719512939453,104.66331481933594,-0.0019441762488929734
2023-01-17,104.66331481933594,102.51313018798828,-0.020543823163437797
2023-01-18,102.51313018798828,103.17115020751953,0.006418885252304508
2023-01-19,103.17115020751953,105.05255126953125,0.018235728284771945
2023-01-20,105.05255126953125,104.5057373046875,-0.005205146931089757
2023-01-23,104.5057373046875,105.47887420654297,0.009311803609578664
2023-01-24,105.47887420654297,104.92280578613281,-0.0052718463729646324
2023-01-25,104.92280578613281,109.1397476196289,0.04019089846006985
2023-01-26,109.1397476196289,107.1471176147461,-0.018257601362864393
2023-01-27,107.1471176147461,105.24716186523438,-0.01773221521780104
2023-01-30,105.24716186523438,107.51783752441406,0.021574697302405313
2023-01-31,107.51783752441406,106.34080505371094,-0.010947322768055639
2023-02-01,106.34080505371094,103.01360321044922,-0.03128810094658589
2023-02-02,103.01360321044922,103.72723388671875,0.006927538247658771
2023-02-03,103.72723388671875,103.55113983154297,-0.001697664620731088
2023-02-06,103.55113983154297,106.50762176513672,0.02855093568649612
2023-02-07,106.50762176513672,105.58082580566406,-0.008701686734836338
2023-02-08,105.58082580566406,105.97935485839844,0.0037746347378256177
2023-02-09,105.97935485839844,110.44652557373047,0.042151329580187816
2023-02-10,110.44652557373047,110.01689910888672,-0.0038899047535628046
2023-02-13,110.01689910888672,108.72808074951172,-0.01171473082602902
2023-02-14,108.72808074951172,108.40120697021484,-0.003006341848799193
2023-02-15,108.40120697021484,108.08367156982422,-0.002929260745942372
2023-02-16,108.08367156982422,103.92768096923828,-0.03845160457841298
2023-02-17,103.92768096923828,103.824951171875,-0.00098847387342058
2023-02-21,103.824951171875,102.48009490966797,-0.01295311239762314
2023-02-22,102.48009490966797,103.4233627319336,0.00920440035791416
2023-02-23,103.4233627319336,103.43269348144531,9.021897243762443e-05
2023-02-24,103.43269348144531,103.24591827392578,-0.001805765674593369
2023-02-27,103.24591827392578,102.64820861816406,-0.005789184364421186
2023-02-28,102.64820861816406,103.5634536743164,0.008916327605452114
2023-03-01,103.5634536743164,104.03975677490234,0.004599142686799561
2023-03-02,104.03975677490234,105.35659790039062,0.012657095386500795
2023-03-03,105.35659790039062,106.29052734375,0.008864460906780213
2023-03-06,106.29052734375,104.23588562011719,-0.0193304311774461
2023-03-07,104.23588562011719,102.71358489990234,-0.014604382273517564
2023-03-08,102.71358489990234,101.91974639892578,-0.0077286612257782975
2023-03-09,101.91974639892578,100.65892791748047,-0.012370698770288555
2023-03-10,100.65892791748047,99.50086212158203,-0.011504849295114809
2023-03-13,99.50086212158203,99.87444305419922,0.0037545497059181428
2023-03-14,99.87444305419922,94.90592193603516,-0.04974767284026583
2023-03-15,94.90592193603516,94.35491180419922,-0.005805856163615461
2023-03-16,94.35491180419922,93.2435302734375,-0.011778735303870606
2023-03-17,93.2435302734375,95.68109130859375,0.026141878455353203
2023-03-20,95.68109130859375,99.96782684326172,0.044802326938791395
2023-03-21,99.96782684326172,97.6796875,-0.02288875746843295
2023-03-22,97.6796875,96.5776596069336,-0.011282057931096537
2023-03-23,96.5776596069336,96.68972778320312,0.0011603944092830921
2023-03-24,96.68972778320312,98.80974578857422,0.021925990009244622
2023-03-27,98.80974578857422,100.04254150390625,0.012476458728776374
2023-03-28,100.04254150390625,101.76097106933594,0.017176988305146065
2023-03-29,101.76097106933594,102.25595092773438,0.004864142442795457
2023-03-30,102.25595092773438,102.41473388671875,0.0015527992018439006
2023-03-31,102.41473388671875,108.45722961425781,0.05900025805098205
2023-04-03,108.45722961425781,107.42057800292969,-0.009558160530331733
2023-04-04,107.42057800292969,109.26042175292969,0.01712747952212491
2023-04-05,109.26042175292969,107.4486083984375,-0.01658252206447854
2023-04-06,107.4486083984375,106.97229766845703,-0.0044329166945953225
2023-04-10,106.97229766845703,107.72877502441406,0.007071712699876821
2023-04-11,107.72877502441406,107.61671447753906,-0.001040209979641969
2023-04-12,107.61671447753906,108.12103271484375,0.004686244509071544
2023-04-13,108.12103271484375,108.38253021240234,0.0024185627069273565
2023-04-14,108.38253021240234,107.12171936035156,-0.01163297119544922
2023-04-17,107.12171936035156,109.21372985839844,0.019529284168875845
2023-04-18,109.21372985839844,108.86817169189453,-0.0031640542535443235
2023-04-19,108.86817169189453,107.99961853027344,-0.007978026526239159
2023-04-20,107.99961853027344,108.34517669677734,0.0031996239542924185
2023-04-21,108.34517669677734,110.39047241210938,0.01887758899555025
2023-04-24,110.39047241210938,108.82146453857422,-0.014213254452592075
2023-04-25,108.82146453857422,107.82217407226562,-0.009182843389820146
2023-04-26,107.82217407226562,109.11099243164062,0.011953184680835647
2023-04-27,109.11099243164062,110.52123260498047,0.012924822164213898
2023-04-28,110.52123260498047,107.09371185302734,-0.031012328320691104
2023-05-01,107.09371185302734,102.82564544677734,-0.03985356686588083
2023-05-02,102.82564544677734,100.79901885986328,-0.01970934953151397
2023-05-03,100.79901885986328,99.03389739990234,-0.017511296041630257
2023-05-04,99.03389739990234,101.49945831298828,0.024896131302698472
2023-05-05,101.49945831298828,101.90105438232422,0.003956632636378786
2023-05-08,101.90105438232422,101.92906188964844,0.000274850024800891
2023-05-09,101.92906188964844,100.62157440185547,-0.01282742589359348
2023-05-10,100.62157440185547,98.8004150390625,-0.01809909429085008
2023-05-11,98.8004150390625,98.79106903076172,-9.459482834243297e-05
2023-05-12,98.79106903076172,98.9794692993164,0.0019070576966428324
2023-05-15,98.9794692993164,96.57727813720703,-0.02426959024042742
2023-05-16,96.57727813720703,98.74396514892578,0.022434749182313304
2023-05-17,98.74396514892578,99.6388931274414,0.009063115676648121
2023-05-18,99.6388931274414,100.10049438476562,0.004632741721988176
2023-05-19,100.10049438476562,98.88526916503906,-0.0121400521265708
2023-05-22,98.88526916503906,100.23238372802734,0.01362300547253356
2023-05-23,100.23238372802734,101.35340118408203,0.011184184336037342
2023-05-24,101.35340118408203,99.53528594970703,-0.017938374175257007
2023-05-25,99.53528594970703,98.88526916503906,-0.0065305160724248865
2023-05-26,98.88526916503906,98.00917053222656,-0.008859748678544783
2023-05-30,98.00917053222656,96.25699615478516,-0.017877657447016866
2023-05-31,96.25699615478516,97.36860656738281,0.01154835967258049
2023-06-01,97.36860656738281,99.62948608398438,0.023219799443642518
2023-06-02,99.62948608398438,99.18672180175781,-0.004444108864049814
2023-06-05,99.18672180175781,99.99687194824219,0.00816792945434373
2023-06-06,99.99687194824219,102.23890686035156,0.022421050463156882
2023-06-07,102.23890686035156,101.91862487792969,-0.0031326819921827717
2023-06-08,101.91862487792969,101.16499328613281,-0.007394444270608215
2023-06-09,101.16499328613281,100.251220703125,-0.009032497836710358
2023-06-12,100.251220703125,100.27006530761719,0.00018797381578018114
2023-06-13,100.27006530761719,99.06427001953125,-0.012025476241455457
2023-06-14,99.06427001953125,99.75194549560547,0.006941710426358954
2023-06-15,99.75194549560547,99.03599548339844,-0.007177303747309591
2023-06-16,99.03599548339844,96.76570129394531,-0.022923929611367393
2023-06-20,96.76570129394531,97.84903717041016,0.01119545316138404
2023-06-21,97.84903717041016,97.31207275390625,-0.005487682168693693
2023-06-22,97.31207275390625,96.46424865722656,-0.008712424601454752
2023-06-23,96.46424865722656,98.24468994140625,0.018457006704175546
2023-06-26,98.24468994140625,98.4896240234375,0.002493102499252939
2023-06-27,98.4896240234375,99.29035949707031,0.00813015057750918
2023-06-28,99.29035949707031,100.5149917602539,0.012333848617193575
2023-06-29,100.5149917602539,101.03311157226562,0.005154652086601434
2023-06-30,101.03311157226562,101.2309341430664,0.0019579974101785963
2023-07-03,101.2309341430664,100.71282196044922,-0.005118121125751505
2023-07-05,100.71282196044922,96.95409393310547,-0.03732124623436561
2023-07-06,96.95409393310547,97.1801986694336,0.002332080339837206
2023-07-07,97.1801986694336,98.62150573730469,0.014831283405519861
2023-07-10,98.62150573730469,99.82731628417969,0.012226649125464414
2023-07-11,99.82731628417969,100.31715393066406,0.004906849795400168
2023-07-12,100.31715393066406,98.48019409179688,-0.018311522674744483
2023-07-13,98.48019409179688,95.0888900756836,-0.0344364067048053
2023-07-14,95.0888900756836,95.50337219238281,0.004358891100414803
2023-07-17,95.50337219238281,95.07003784179688,-0.004537372248102665
2023-07-18,95.07003784179688,95.72946166992188,0.006936189814316966
2023-07-19,95.72946166992188,97.41570281982422,0.01761465196280488
2023-07-20,97.41570281982422,97.86787414550781,0.004641667745495917
2023-07-21,97.86787414550781,99.40338134765625,0.015689593909697874
2023-07-24,99.40338134765625,99.55412292480469,0.0015164632742344002
2023-07-25,99.55412292480469,98.99830627441406,-0.0055830600889372
2023-07-26,98.99830627441406,99.30918884277344,0.0031402816882304787
2023-07-27,99.30918884277344,98.12223815917969,-0.01195207309036562
2023-07-28,98.12223815917969,101.023681640625,0.029569683039011193
2023-07-31,101.023681640625,100.43962860107422,-0.005781347799503616
2023-08-01,100.43962860107422,99.18672180175781,-0.01247422772034231
2023-08-02,99.18672180175781,100.91065216064453,0.017380656680359877
2023-08-03,100.91065216064453,101.1932601928711,0.00280057680904356
2023-08-04,101.1932601928711,100.98601531982422,-0.002048010634817704
2023-08-07,100.98601531982422,101.48529815673828,0.004944078992846943
2023-08-08,101.48529815673828,103.20921325683594,0.01698684569498103
2023-08-09,103.20921325683594,103.73674011230469,0.005111238026357205
2023-08-10,103.73674011230469,105.3476333618164,0.015528666582040045
2023-08-11,105.3476333618164,105.43241119384766,0.0008047435839406146
2023-08-14,105.43241119384766,102.7256088256836,-0.02567334216787801
2023-08-15,102.7256088256836,100.9970474243164,-0.01682697645823064
2023-08-16,100.9970474243164,102.95354461669922,0.019371825635288418
2023-08-17,102.95354461669922,104.51115417480469,0.01512924653448816
2023-08-18,104.51115417480469,103.24797058105469,-0.012086591175112344
2023-08-21,103.24797058105469,102.66860961914062,-0.005611354476543788
2023-08-22,102.66860961914062,101.76634979248047,-0.008788078751696146
2023-08-23,101.76634979248047,101.00654602050781,-0.007466159231632363
2023-08-24,101.00654602050781,102.81108093261719,0.017865524396240538
2023-08-25,102.81108093261719,103.67536163330078,0.008406493666281429
2023-08-28,103.67536163330078,104.2927017211914,0.005954549645789071
2023-08-29,104.2927017211914,105.30892944335938,0.009743996515544095
2023-08-30,105.30892944335938,105.60335540771484,0.0027958309510099652
2023-08-31,105.60335540771484,107.81629180908203,0.02095517128999787
2023-09-01,107.81629180908203,107.8257827758789,8.802905977958628e-05
2023-09-05,107.8257827758789,108.75655364990234,0.008632173586516776
2023-09-06,108.75655364990234,108.22467803955078,-0.00489051549080638
2023-09-07,108.22467803955078,109.80128479003906,0.014567904280686418
2023-09-08,109.80128479003906,108.42413330078125,-0.012542216531356514
2023-09-11,108.42413330078125,111.5868148803711,0.029169535262192913
2023-09-12,111.5868148803711,110.58958435058594,-0.00893681328617774
2023-09-13,110.58958435058594,112.56507110595703,0.01786322615255066
2023-09-14,112.56507110595703,110.83650970458984,-0.015356108110482157
2023-09-15,110.83650970458984,111.72929382324219,0.008054964208380993
2023-09-18,111.72929382324219,111.43486022949219,-0.0026352408010006704
2023-09-19,111.43486022949219,110.55159759521484,-0.007926268606236209
2023-09-20,110.55159759521484,108.9939956665039,-0.014089366075143515
2023-09-21,108.9939956665039,109.16494750976562,0.0015684519336715697
2023-09-22,109.16494750976562,110.39013671875,0.0112232840021727
2023-09-25,110.39013671875,110.56108093261719,0.0015485460834487059
2023-09-26,110.56108093261719,114.16065979003906,0.03255737757860456
2023-09-27,114.16065979003906,113.46733856201172,-0.006073206210462341
2023-09-28,113.46733856201172,111.67230987548828,-0.01581978311355585
2023-09-29,111.67230987548828,109.82027435302734,-0.016584554618113558
2023-10-02,109.82027435302734,110.0102310180664,0.0017297048851692848
2023-10-03,110.0102310180664,105.89778900146484,-0.037382359609136696
2023-10-04,105.89778900146484,103.51390838623047,-0.022511146245002337
2023-10-05,103.51390838623047,101.78533935546875,-0.016698906047601762
2023-10-06,101.78533935546875,105.34693908691406,0.03499128414758244
2023-10-09,105.34693908691406,104.90054321289062,-0.00423738817560849
2023-10-10,104.90054321289062,101.1395034790039,-0.035853386633602734
2023-10-11,101.1395034790039,101.12051391601562,-0.00018775614211140947
2023-10-12,101.12051391601562,104.34969329833984,0.031933969253817016
2023-10-13,104.34969329833984,104.42566680908203,0.0007280664498454852
2023-10-16,104.42566680908203,105.79331970214844,0.01309690361438477
2023-10-17,105.79331970214844,107.2749252319336,0.014004717253948388
2023-10-18,107.2749252319336,107.34141540527344,0.0006198109501925895
2023-10-19,107.34141540527344,105.49889373779297,-0.017165058430838893
2023-10-20,105.49889373779297,103.9507827758789,-0.014674191425757873
2023-10-23,103.9507827758789,102.94403839111328,-0.009684817736641742
2023-10-24,102.94403839111328,103.13399505615234,0.0018452420170011578
2023-10-25,103.13399505615234,102.19374084472656,-0.009116821382841325
2023-10-26,102.19374084472656,100.24674224853516,-0.019052033716523607
2023-10-27,100.24674224853516,100.56015014648438,0.003126364916400048
2023-10-30,100.56015014648438,100.53166198730469,-0.00028329471603005015
2023-10-31,100.53166198730469,100.33220672607422,-0.001984004415003666
2023-11-01,100.33220672607422,103.62786865234375,0.03284749766610145
2023-11-02,103.62786865234375,102.36470031738281,-0.01218946555003154
2023-11-03,102.36470031738281,100.55067443847656,-0.01772120538898511
2023-11-06,100.55067443847656,98.97406768798828,-0.01567972327677376
2023-11-07,98.97406768798828,97.75837707519531,-0.012282920579008472
2023-11-08,97.75837707519531,97.78687286376953,0.00029149203809203904
2023-11-09,97.78687286376953,98.53717803955078,0.007672861947702608
2023-11-10,98.53717803955078,99.5724105834961,0.01050600965586605
2023-11-13,99.5724105834961,99.9557876586914,0.003850233944811781
2023-11-14,99.9557876586914,99.35197448730469,-0.0060408024940836495
2023-11-15,99.35197448730469,98.20184326171875,-0.0115763298265693
2023-11-16,98.20184326171875,100.59794616699219,0.024399775255618764
2023-11-17,100.59794616699219,100.15706634521484,-0.0043825926728711245
2023-11-20,100.15706634521484,100.11872863769531,-0.0003827758631367191
2023-11-21,100.11872863769531,99.68743896484375,-0.004307782157445208
2023-11-22,99.68743896484375,100.22415161132812,0.005383954609102303
2023-11-24,100.22415161132812,99.6395034790039,-0.0058334056504813275
2023-11-27,99.6395034790039,99.58199310302734,-0.0005771844897709784
2023-11-28,99.58199310302734,98.08682250976562,-0.015014467442068748
2023-11-29,98.08682250976562,98.47020721435547,0.003908625998682683
2023-11-30,98.47020721435547,98.7098159790039,0.0024333122822301338
2023-12-01,98.7098159790039,98.173095703125,-0.005437354639512948
2023-12-04,98.173095703125,96.26579284667969,-0.019427958778166554
2023-12-05,96.26579284667969,94.99107360839844,-0.013241663529551624
2023-12-06,94.99107360839844,94.3297348022461,-0.0069621152917875104
2023-12-07,94.3297348022461,95.41278839111328,0.011481571438080613
2023-12-08,95.41278839111328,95.47986602783203,0.000703025641005138
2023-12-11,95.47986602783203,93.9751205444336,-0.015759819802845236
2023-12-12,93.9751205444336,94.80896759033203,0.008873061732378151
2023-12-13,94.80896759033203,97.35841369628906,0.026890347725050074
2023-12-14,97.35841369628906,96.70668029785156,-0.00669416616082706
2023-12-15,96.70668029785156,97.4255142211914,0.007433136171419312
2023-12-18,97.4255142211914,98.7098159790039,0.01318239650135864
2023-12-19,98.7098159790039,97.0613021850586,-0.016700606495872305
2023-12-20,97.0613021850586,97.50218963623047,0.004542360768365461
2023-12-21,97.50218963623047,97.67471313476562,0.0017694320422835808
2023-12-22,97.67471313476562,97.8951416015625,0.00225676083115536
2023-12-26,97.8951416015625,97.43509674072266,-0.004699363556898936
2023-12-27,97.43509674072266,96.02618408203125,-0.014460011903519322
2023-12-28,96.02618408203125,95.82491302490234,-0.002096001825470526
2023-12-29,95.82491302490234,98.10599517822266,0.023804687959669946
2024-01-02,98.10599517822266,98.93025970458984,0.00840177529283303
2024-01-03,98.93025970458984,98.06765747070312,-0.008719296163403265
2024-01-04,98.06765747070312,98.36477661132812,0.0030297362890896198
2024-01-05,98.36477661132812,96.72584533691406,-0.01666176990255388
2024-01-08,96.72584533691406,95.52779388427734,-0.012386053060210364
2024-01-09,95.52779388427734,94.58853149414062,-0.009832346712356239
2024-01-10,94.58853149414062,94.56934356689453,-0.00020285680455121944
2024-01-11,94.56934356689453,95.7961654663086,0.01297272301087993
2024-01-12,95.7961654663086,93.63009643554688,-0.022611228959091508
2024-01-16,93.63009643554688,92.94959259033203,-0.007268003250250728
2024-01-17,92.94959259033203,92.7770767211914,-0.00185601533404213
2024-01-18,92.7770767211914,92.92083740234375,0.0015495280324941201
2024-01-19,92.92083740234375,92.79623413085938,-0.0013409615643566308
2024-01-22,92.79623413085938,93.8409423828125,0.01125808888408013
2024-01-23,93.8409423828125,95.46070861816406,0.01726076267162713
2024-01-24,95.46070861816406,97.88555145263672,0.02540147532501411
2024-01-25,97.88555145263672,98.71939849853516,0.008518591697385553
2024-01-26,98.71939849853516,98.843994140625,0.001262119137523843
2024-01-29,98.843994140625,100.49251556396484,0.016678013041384165
2024-01-30,100.49251556396484,98.53729248046875,-0.019456405012088368
2024-01-31,98.53729248046875,98.13475036621094,-0.004085175309009034
2024-02-01,98.13475036621094,97.73221588134766,-0.004101854677992629
2024-02-02,97.73221588134766,97.32965850830078,-0.004118983381443044
2024-02-05,97.32965850830078,98.00057983398438,0.006893287575095869
2024-02-06,98.00057983398438,97.9718246459961,-0.00029341854953300595
2024-02-07,97.9718246459961,99.64909362792969,0.017119911648008083
2024-02-08,99.64909362792969,97.54051208496094,-0.02116006745472049
2024-02-09,97.54051208496094,98.8823471069336,0.013756694457415546
2024-02-12,98.8823471069336,98.03106689453125,-0.008609021097383037
2024-02-13,98.03106689453125,97.54739379882812,-0.0049338756684500305
2024-02-14,97.54739379882812,100.34303283691406,0.02865928990221287
2024-02-15,100.34303283691406,100.34303283691406,0.0
2024-02-16,100.34303283691406,99.39503479003906,-0.009447572193833987
2024-02-20,99.39503479003906,101.42646026611328,0.020437896926796983
2024-02-21,101.42646026611328,101.33940124511719,-0.0008583462418749152
2024-02-22,101.33940124511719,100.4494400024414,-0.008781986391681608
2024-02-23,100.4494400024414,100.8460464477539,0.0039483191275417814
2024-02-26,100.8460464477539,100.63323974609375,-0.0021102136291521025
2024-02-27,100.63323974609375,100.91376495361328,0.00278759988476293
2024-02-28,100.91376495361328,101.10723876953125,0.0019172192813032222
2024-02-29,101.10723876953125,102.3841323852539,0.012629101845351248
2024-03-01,102.3841323852539,100.95246124267578,-0.013983330319106407
2024-03-04,100.95246124267578,102.19065856933594,0.012265152443224745
2024-03-05,102.19065856933594,103.28376770019531,0.010696761780018327
2024-03-06,103.28376770019531,103.86417388916016,0.005619529592003315
2024-03-07,103.86417388916016,104.84119415283203,0.00940671096767701
2024-03-08,104.84119415283203,105.46029663085938,0.0059051452344662195
2024-03-11,105.46029663085938,104.78315734863281,-0.0064207981947627165
2024-03-12,104.78315734863281,105.95365142822266,0.011170631895500103
2024-03-13,105.95365142822266,107.83030700683594,0.017712042514028924
2024-03-14,107.83030700683594,107.63683319091797,-0.0017942433930537118
2024-03-15,107.63683319091797,108.63320922851562,0.009256831588777428
2024-03-18,108.63320922851562,109.39740753173828,0.007034665629873138
2024-03-19,109.39740753173828,109.3006820678711,-0.00088416596014056
2024-03-20,109.3006820678711,109.78434753417969,0.00442509101643353
2024-03-21,109.78434753417969,109.78434753417969,0.0
2024-03-22,109.78434753417969,110.90647888183594,0.010221232560560525
2024-03-25,110.90647888183594,110.07455444335938,-0.0075011347115521276
2024-03-26,110.07455444335938,111.21601867675781,0.010369919180420541
2024-03-27,111.21601867675781,112.4445571899414,0.01104641694425568
2024-03-28,112.4445571899414,113.1700668334961,0.006452154392223327
2024-04-01,113.1700668334961,115.38529205322266,0.01957430336226416
2024-04-02,115.38529205322266,115.4046401977539,0.00016768293590075126
2024-04-03,115.4046401977539,115.81092834472656,0.0035205529541659083
2024-04-04,115.81092834472656,117.40705871582031,0.013782208586936257
2024-04-05,117.40705871582031,116.61383819580078,-0.0067561569866041345
2024-04-08,116.61383819580078,117.22325897216797,0.005225973055993045
2024-04-09,117.22325897216797,118.20995330810547,0.008417223207996363
2024-04-10,118.20995330810547,117.81333923339844,-0.003355166494933689
2024-04-11,117.81333923339844,116.43970489501953,-0.011659412654942388
2024-04-12,116.43970489501953,115.77223205566406,-0.0057323473977991726
2024-04-15,115.77223205566406,114.81455993652344,-0.008272036412670785
2024-04-16,114.81455993652344,114.75652313232422,-0.0005054829651509798
2024-04-17,114.75652313232422,114.65010833740234,-0.000927309332988152
2024-04-18,114.65010833740234,115.9656982421875,0.011474824785280826
2024-04-19,115.9656982421875,116.62349700927734,0.005672356369691924
2024-04-22,116.62349700927734,117.0781478881836,0.0038984500599401743
2024-04-23,117.0781478881836,117.09749603271484,0.00016525837554014433
2024-04-24,117.09749603271484,117.36836242675781,0.002313169821900323
2024-04-25,117.36836242675781,114.10839080810547,-0.027775556813163228
2024-04-26,114.10839080810547,115.73353576660156,0.014242116175567475
2024-04-29,115.73353576660156,114.40827178955078,-0.01145099359725279
2024-04-30,114.40827178955078,112.24140930175781,-0.01893973620874915
2024-05-01,112.24140930175781,112.4445571899414,0.001809919257494678
2024-05-02,112.4445571899414,112.21239471435547,-0.002064683977489177
2024-05-03,112.21239471435547,112.93790435791016,0.00646550361394143
2024-05-06,112.93790435791016,112.37683868408203,-0.004967912916553317
2024-05-07,112.37683868408203,112.35749816894531,-0.00017210410404130987
2024-05-08,112.35749816894531,114.57272338867188,0.019715864591392553
2024-05-09,114.57272338867188,114.10839080810547,-0.0040527323330809125
2024-05-10,114.10839080810547,114.06002807617188,-0.00042383151309989726
2024-05-13,114.06002807617188,114.75242614746094,0.006070470812322292
2024-05-14,114.75242614746094,115.63986206054688,0.0077334827931703235
2024-05-15,115.63986206054688,114.94746398925781,-0.005987538024963535
2024-05-16,114.94746398925781,116.67357635498047,0.015016532821324067
2024-05-17,116.67357635498047,115.72763061523438,-0.008107626159226018
2024-05-20,115.72763061523438,114.9279556274414,-0.006909974597610915
2024-05-21,114.9279556274414,112.61672973632812,-0.02011021494722759
2024-05-22,112.61672973632812,110.69557189941406,-0.017059257904328325
2024-05-23,110.69557189941406,110.60779571533203,-0.0007929511775032067
2024-05-24,110.60779571533203,112.01210021972656,0.012696252513780744
2024-05-28,112.01210021972656,110.81259155273438,-0.010708741864844891
2024-05-29,110.81259155273438,111.16366577148438,0.003168179841574484
2024-05-30,111.16366577148438,114.35259246826172,0.02868677165912034
2024-05-31,114.35259246826172,111.61225891113281,-0.023963895334419106
2024-06-03,111.61225891113281,109.87639617919922,-0.015552617148585005
2024-06-04,109.87639617919922,110.31524658203125,0.003994037100709991
2024-06-05,110.31524658203125,111.1441650390625,0.007514087877371148
2024-06-06,111.1441650390625,109.95441436767578,-0.010704571589237918
2024-06-07,109.95441436767578,110.27622985839844,0.0029268082829902557
2024-06-10,110.27622985839844,109.38880157470703,-0.008047321574476381
2024-06-11,109.38880157470703,108.1795425415039,-0.011054687644395319
2024-06-12,108.1795425415039,107.31160736083984,-0.008023099009972912
2024-06-13,107.31160736083984,106.40467071533203,-0.008451431003714253
2024-06-14,106.40467071533203,105.67326354980469,-0.006873825750413736
2024-06-17,105.67326354980469,106.66796875,0.009413026216669269
2024-06-18,106.66796875,108.96945190429688,0.021576141190903432
2024-06-20,108.96945190429688,108.01376342773438,-0.008770242117046157
2024-06-21,108.01376342773438,111.22218322753906,0.02970380531135971
2024-06-24,111.22218322753906,111.53424835205078,0.002805781323976476
2024-06-25,111.53424835205078,111.57325744628906,0.0003497499182058547
2024-06-26,111.57325744628906,112.05110168457031,0.0042827846853111945
2024-06-27,112.05110168457031,112.26565551757812,0.0019147855735661815
2024-06-28,112.26565551757812,112.10961151123047,-0.001389953192971144
2024-07-01,112.10961151123047,111.34895324707031,-0.006784951387365731
2024-07-02,111.34895324707031,111.91458129882812,0.005079778796867088
2024-07-03,111.91458129882812,110.55905151367188,-0.012112182071581802
2024-07-05,110.55905151367188,109.39854431152344,-0.010496718145279383
2024-07-08,109.39854431152344,108.18929290771484,-0.011053633404528015
2024-07-09,108.18929290771484,109.1449966430664,0.008833625857660194
2024-07-10,109.1449966430664,110.4420166015625,0.011883457770746002
2024-07-11,110.4420166015625,110.46151733398438,0.00017656986916697706
2024-07-12,110.46151733398438,112.3534164428711,0.017127223620933014
2024-07-15,112.3534164428711,113.162841796875,0.0072042789585795896
2024-07-16,113.162841796875,114.7231674194336,0.013788321305675113
2024-07-17,114.7231674194336,115.85441589355469,0.009860680275547075
2024-07-18,115.85441589355469,113.19209289550781,-0.02297990091713878
2024-07-19,113.19209289550781,112.41192626953125,-0.006892412765057413
2024-07-22,112.41192626953125,110.59805297851562,-0.016135950616720882
2024-07-23,110.59805297851562,112.15838623046875,0.014108143949480102
2024-07-24,112.15838623046875,114.51837921142578,0.021041609640384783
2024-07-25,114.51837921142578,114.42086029052734,-0.0008515569428239672
2024-07-26,114.42086029052734,113.22134399414062,-0.010483370718774645
2024-07-29,113.22134399414062,115.24002838134766,0.017829539166320983
2024-07-30,115.24002838134766,115.64961242675781,0.0035541820942179675
2024-07-31,115.64961242675781,114.05027770996094,-0.01382914030783935
2024-08-01,114.05027770996094,113.98200988769531,-0.0005985765544493946
2024-08-02,113.98200988769531,111.92432403564453,-0.018052724759619408
2024-08-05,111.92432403564453,111.32946014404297,-0.005314875892501404
2024-08-06,111.32946014404297,112.81175994873047,0.013314533302951754
2024-08-07,112.81175994873047,114.96696472167969,0.019104433561968132
2024-08-08,114.96696472167969,115.90316772460938,0.00814323493010462
2024-08-09,115.90316772460938,116.04944610595703,0.0012620740590560875
2024-08-12,116.04944610595703,114.93771362304688,-0.009579817226314956
2024-08-13,114.93771362304688,116.00068664550781,0.009248252718399248
2024-08-14,116.00068664550781,116.71832275390625,0.006186481555850587
2024-08-15,116.71832275390625,116.16780853271484,-0.004716604970002296
2024-08-16,116.16780853271484,116.5217056274414,0.0030464299808745984
2024-08-19,116.5217056274414,112.63863372802734,-0.033324880360312725
2024-08-20,112.63863372802734,111.92100524902344,-0.006371068746595975
2024-08-21,111.92100524902344,112.78609466552734,0.0077294643179722025
2024-08-22,112.78609466552734,114.34915161132812,0.013858596225324609
2024-08-23,114.34915161132812,116.79695892333984,0.02140643177075591
2024-08-26,116.79695892333984,115.68610382080078,-0.009510993374991696
2024-08-27,115.68610382080078,114.54576110839844,-0.009857214261176509
2024-08-28,114.54576110839844,116.12848663330078,0.013817408078545642
2024-08-29,116.12848663330078,115.94171142578125,-0.0016083496214784215
2024-08-30,115.94171142578125,113.51355743408203,-0.02094288553997733
2024-09-03,113.51355743408203,112.12744903564453,-0.012210950213963834
2024-09-04,112.12744903564453,111.25251770019531,-0.007803007586225244
2024-09-05,111.25251770019531,110.73149871826172,-0.004683210705735598
2024-09-06,110.73149871826172,113.06135559082031,0.021040597296407372
2024-09-09,113.06135559082031,108.94234466552734,-0.03643164283471054
2024-09-10,108.94234466552734,107.8609848022461,-0.009925983019745168
2024-09-11,107.8609848022461,109.34539794921875,0.013762280677245818
2024-09-12,109.34539794921875,109.2667465209961,-0.0007192934471662252
2024-09-13,109.2667465209961,110.80032348632812,0.014035166362689746
2024-09-16,110.80032348632812,112.24540710449219,0.013042232844585281
2024-09-17,112.24540710449219,112.63863372802734,0.0035032758460138264
2024-09-18,112.63863372802734,114.03457641601562,0.012393107424925515
2024-09-19,114.03457641601562,113.31694030761719,-0.006293144859681777
2024-09-20,113.31694030761719,115.37152862548828,0.018131343048034838
2024-09-23,115.37152862548828,115.06678771972656,-0.002641387432344329
2024-09-24,115.06678771972656,112.82540893554688,-0.01947893765522608
2024-09-25,112.82540893554688,110.88880157470703,-0.017164638525229352
2024-09-26,110.88880157470703,113.85762023925781,0.02677293488964848
2024-09-27,113.85762023925781,115.2339096069336,0.012087810765618306
2024-09-30,115.2339096069336,117.89798736572266,0.023118869852427237
2024-10-01,117.89798736572266,119.46104431152344,0.013257706774519717
2024-10-02,119.46104431152344,120.50308990478516,0.008722890372064168
2024-10-03,120.50308990478516,122.7149658203125,0.018355346051914894
2024-10-04,122.7149658203125,123.24581909179688,0.004325904896242941
2024-10-07,123.24581909179688,119.97223663330078,-0.026561407783397824
2024-10-08,119.97223663330078,120.0213851928711,0.0004096661106730613
2024-10-09,120.0213851928711,121.05360412597656,0.00860029178505748
2024-10-10,121.05360412597656,121.51564025878906,0.0038167895631729724
2024-10-11,121.51564025878906,121.97767639160156,0.003802277071729304
2024-10-14,121.97767639160156,118.31086730957031,-0.03006131277873496
2024-10-15,118.31086730957031,118.6156234741211,0.0025758932503923007
2024-10-16,118.6156234741211,118.31086730957031,-0.0025692750720757397
2024-10-17,118.31086730957031,117.97663116455078,-0.0028250671524955888
2024-10-18,117.97663116455078,118.04544830322266,0.0005833116100415736
2024-10-21,118.04544830322266,118.65493774414062,0.005163176129861244
2024-10-22,118.65493774414062,118.23222351074219,-0.0035625507158408318
2024-10-23,118.23222351074219,117.5637435913086,-0.005653957098868718
2024-10-24,117.5637435913086,117.46543884277344,-0.0008361825298528844
2024-10-25,117.46543884277344,116.88543701171875,-0.00493763814078978
2024-10-28,116.88543701171875,115.29288482666016,-0.013624898240307961
2024-10-29,115.29288482666016,114.71288299560547,-0.005030681918721221
2024-10-30,114.71288299560547,114.80136108398438,0.0007713003637289436
2024-10-31,114.80136108398438,113.00236511230469,-0.015670510825769823
2024-11-01,113.00236511230469,116.60035705566406,0.03183997025003501
2024-11-04,116.60035705566406,116.94441986083984,0.0029507868917719392
2024-11-05,116.94441986083984,118.94985961914062,0.017148657120084832
2024-11-06,118.94985961914062,119.09732055664062,0.001239689882545028
2024-11-07,119.09732055664062,119.05799102783203,-0.00033023017331350714
2024-11-08,119.05799102783203,118.42884063720703,-0.005284402879584323
2024-11-11,118.42884063720703,118.31086730957031,-0.0009961536987271227
2024-11-12,118.31086730957031,119.41189575195312,0.009306232533160957
2024-11-13,119.41189575195312,119.49118041992188,0.0006639595449807036
2024-11-14,119.49118041992188,118.25226593017578,-0.010368250488381138
2024-11-15,118.25226593017578,119.24340057373047,0.008381527709075114
2024-11-18,119.24340057373047,117.57829284667969,-0.013963940302266149
2024-11-19,117.57829284667969,119.25331115722656,0.014245982570363337
2024-11-20,119.25331115722656,120.84903717041016,0.01338097867219593
2024-11-21,120.84903717041016,120.71028137207031,-0.0011481746283520913
2024-11-22,120.71028137207031,118.90641784667969,-0.014943743854183402
2024-11-25,118.90641784667969,116.92414855957031,-0.016670835124016205
2024-11-26,116.92414855957031,116.61689758300781,-0.0026277803203840506
2024-11-27,116.61689758300781,116.91423797607422,0.0025497196309373573
2024-11-29,116.91423797607422,116.80520629882812,-0.0009325782653470009
2024-12-02,116.80520629882812,116.6268081665039,-0.0015273131907135595
2024-12-03,116.6268081665039,113.26686096191406,-0.02880939003143229
2024-12-04,113.26686096191406,113.7624282836914,0.004375218996701763
2024-12-05,113.7624282836914,112.56315612792969,-0.010541900114606135
2024-12-06,112.56315612792969,111.89909362792969,-0.005899465889578319
2024-12-09,111.89909362792969,111.67113494873047,-0.00203718074747945
2024-12-10,111.67113494873047,110.92778015136719,-0.0066566422711165614
2024-12-11,110.92778015136719,110.82866668701172,-0.0008934954275675837
2024-12-12,110.82866668701172,109.85735321044922,-0.008764099628713936
2024-12-13,109.85735321044922,107.50836944580078,-0.021382125966102478
2024-12-16,107.50836944580078,107.05245208740234,-0.0042407615402285815
2024-12-17,107.05245208740234,105.4765396118164,-0.014720937679216287
2024-12-18,105.4765396118164,104.57461547851562,-0.008550945419902074
2024-12-19,104.57461547851562,104.9314193725586,0.0034119551136793085
2024-12-20,104.9314193725586,105.35761260986328,0.004061636065280792
2024-12-23,105.35761260986328,105.45671844482422,0.0009406613580731374
2024-12-24,105.45671844482422,105.5459213256836,0.0008458719574708428
2024-12-26,105.5459213256836,105.5360107421875,-9.389830863774083e-05
2024-12-27,105.5360107421875,104.82239532470703,-0.006761819140802567
2024-12-30,104.82239532470703,106.61634826660156,0.017114214346442145
2024-12-31,106.61634826660156,106.35865020751953,-0.0024170595154660466
2025-01-02,106.35865020751953,106.90377807617188,0.005125374077131747
2025-01-03,106.90377807617188,106.78483581542969,-0.0011126104510304385
2025-01-06,106.78483581542969,107.785888671875,0.009374485139215499
2025-01-07,107.785888671875,105.98202514648438,-0.01673561861963211
2025-01-08,105.98202514648438,105.5954818725586,-0.0036472531393084407
2025-01-10,105.5954818725586,108.32109832763672,0.025811866253592417
2025-01-13,108.32109832763672,108.7472915649414,0.0039345357818990085
2025-01-14,108.7472915649414,110.52142333984375,0.016314261710535315
2025-01-15,110.52142333984375,110.33309936523438,-0.0017039590055793544
2025-01-16,110.33309936523438,111.32423400878906,0.008983112495315172
2025-01-17,111.32423400878906,110.48177337646484,-0.007567630173477828
2025-01-21,110.48177337646484,108.55896759033203,-0.01740382804664877
2025-01-22,108.55896759033203,109.17347717285156,0.00566060636131416
2025-01-23,109.17347717285156,107.69668579101562,-0.013527016085580674
2025-01-24,107.69668579101562,109.19329833984375,0.013896551577569315
2025-01-27,109.19329833984375,107.08218383789062,-0.01933373690556242
2025-01-28,107.08218383789062,107.70659637451172,0.005831152431167992
2025-01-29,107.70659637451172,108.59861755371094,0.008281954951928195
2025-01-30,108.59861755371094,105.8829116821289,-0.025006818067816485
2025-01-31,105.8829116821289,106.1406021118164,0.0024337301042600006
2025-02-03,106.1406021118164,108.98516082763672,0.026799911242482332
2025-02-04,108.98516082763672,108.90586853027344,-0.0007275513176393287
2025-02-05,108.90586853027344,107.46871948242188,-0.013196249818732832
2025-02-06,107.46871948242188,107.92464447021484,0.004242397136475997
2025-02-07,107.92464447021484,109.9862060546875,0.01910186125321551
2025-02-10,109.9862060546875,110.68000030517578,0.006308011480487943
2025-02-11,110.68000030517578,107.3499984741211,-0.030086752998490597
2025-02-12,107.3499984741211,108.12999725341797,0.007265941223882827
2025-02-13,108.12999725341797,108.23999786376953,0.0010172996684144964
2025-02-14,108.23999786376953,110.13999938964844,0.017553599070375455
2025-02-18,110.13999938964844,110.30000305175781,0.0014527298256405568
2025-02-19,110.30000305175781,112.0,0.015412483238504273
2025-02-20,112.0,110.69000244140625,-0.011696406773158483
2025-02-21,110.69000244140625,111.2699966430664,0.005239806566696719
2025-02-24,111.2699966430664,109.7300033569336,-0.013840148580868808
2025-02-25,109.7300033569336,109.45999908447266,-0.002460623933297971
2025-02-26,109.45999908447266,110.1500015258789,0.0063036949312758545
2025-02-27,110.1500015258789,111.33000183105469,0.01071266717049068
2025-02-28,111.33000183105469,107.76000213623047,-0.03206682507956623
2025-03-03,107.76000213623047,107.54000091552734,-0.002041585155362181
2025-03-04,107.54000091552734,105.44000244140625,-0.019527603275460655
2025-03-05,105.44000244140625,107.62000274658203,0.02067526796945232
2025-03-06,107.62000274658203,109.0199966430664,0.013008677390401183
2025-03-07,109.0199966430664,111.80000305175781,0.025499967843451706
2025-03-10,111.80000305175781,109.16000366210938,-0.02361358960273239
2025-03-11,109.16000366210938,109.12999725341797,-0.000274884643502644
2025-03-12,109.12999725341797,108.66999816894531,-0.004215147952441179
2025-03-13,108.66999816894531,111.9000015258789,0.029723046023356185
2025-03-14,111.9000015258789,113.76000213623047,0.016621989141987665
2025-03-17,113.76000213623047,113.63999938964844,-0.0010548764445197966
2025-03-18,113.63999938964844,115.41000366210938,0.015575539264057482
2025-03-19,115.41000366210938,115.9000015258789,0.004245713960846221
2025-03-20,115.9000015258789,115.5,-0.003451264198556471
2025-03-21,115.5,115.80000305175781,0.00259742901954816
2025-03-24,115.80000305175781,116.58999633789062,0.006822048923260548
2025-03-25,116.58999633789062,118.2699966430664,0.014409472149797103
2025-03-26,118.2699966430664,117.88999938964844,-0.003212964100817417
2025-03-27,117.88999938964844,117.7300033569336,-0.0013571637419899122
2025-03-28,117.7300033569336,118.93000030517578,0.010192787853781327
2025-03-31,118.93000030517578,119.04000091552734,0.0009249189444992822
2025-04-01,119.04000091552734,118.66999816894531,-0.00310822197359181
2025-04-02,118.66999816894531,112.43000030517578,-0.05258277542809024
2025-04-03,112.43000030517578,104.33999633789062,-0.07195591875234326
2025-04-04,104.33999633789062,102.94000244140625,-0.013417614966658506
2025-04-07,102.94000244140625,100.7699966430664,-0.021080296744455756
2025-04-08,100.7699966430664,105.80000305175781,0.04991571475890787
2025-04-09,105.80000305175781,99.93000030517578,-0.055482065947676774
2025-04-10,99.93000030517578,,
